{
  "roc_auc": 0.7722575735821966,
  "avg_precision": 0.5519013661012423,
  "f1_fraud": 0.5176184690157959,
  "precision_fraud": 0.4335142469470828,
  "recall_fraud": 0.6422110552763819,
  "f1_macro": 0.6674888848682721,
  "support_fraud": 995,
  "threshold": 0.4719523787498474
}