{
  "roc_auc": 0.7738043513868126,
  "avg_precision": 0.5511967531631581,
  "f1_fraud": 0.5264442636289667,
  "precision_fraud": 0.44193989071038253,
  "recall_fraud": 0.6509054325955734,
  "f1_macro": 0.6741223155254448,
  "support_fraud": 994,
  "threshold": 0.4719523787498474
}