{
  "roc_auc": 0.9797440735544884,
  "avg_precision": 0.8636244339683848,
  "f1_fraud": 0.8187919463087249,
  "precision_fraud": 0.782051282051282,
  "recall_fraud": 0.8591549295774648,
  "f1_macro": 0.9092370916799424,
  "support_fraud": 71,
  "threshold": 0.12969432771205902
}